1,Sheryl Janu,39
2,Diane-marie Harbord,58
3,Willdon Baus,45
4,Jacintha Stockwell,68
5,Kinny Boldra,20
6,Dominique Goudie,52
7,Raphaela Bierman,55
8,Joey Van Zon,43
9,Robyn Dollard,29
10,Reggi Metzel,21
11,Meris Stringman,50
12,Karl Huffer,46
13,Gerry Dudley,23
14,Vic Ellingsworth,69
15,Tasha Ditchburn,39
16,Aprilette Kantor,67
17,Bonnibelle Racher,40
18,Georgeanne Stapford,40
19,Leland Penton,52
20,Judi Sharram,40
21,Cordie Vlach,55
22,Nico Rosetti,31
23,Roxane Moulden,43
24,Cara Dragge,40
25,Cari Sutheran,52
26,Jillene Rides,32
27,Kerry Setford,22
28,Mommy Pearcehouse,37
29,Sherrie Soppett,28
30,Gillie Havercroft,40
31,Rubia Kirstein,71
32,Rachelle Seabert,72
33,Myra Iacobini,43
34,Chev Bonaire,62
35,Janey Bruckshaw,36
36,Ariella Tuckley,30
37,Ida Ewbanche,66
38,Doroteya Vickery,26
39,Kristoffer Tevlin,56
40,Jonis Durkin,47
41,Roxine Burl,35
42,Janean Dillamore,30
43,Olympie Gheeraert,21
44,Katee Sconce,71
45,Rycca Netting,59
46,Marielle Joss,61
47,Kimbell Godspeede,54
48,Maxim Warboys,36
49,Anna-maria Pitcaithly,45
50,Imojean Bulfield,55
51,Bunny Hails,58
52,Fredia Caudray,64
53,Jennilee Ondrasek,39
54,Bronnie Barford,58
55,Ikey Vondruska,55
56,Justen Stendall,50
57,Rosy Dryburgh,31
58,Dan MacAllan,32
59,Carlin Caurah,62
60,Padriac O'Crowley,29
61,Annis Palk,67
62,Gretta Clorley,39
63,Tessy Tatem,23
64,Susanna Kermeen,36
65,Caroline Quayle,62
66,La verne Castagnaro,71
67,Darwin Gosby,74
68,Giffie Haversum,67
69,Tynan Kimm,19
70,Anderson O'Dooghaine,46
71,Denise Rasell,52
72,Rozamond Effaunt,75
73,Rayner Spragge,21
74,Anjela Hanrahan,42
75,Mohandis Kohler,58
76,Clayson Veivers,23
77,Koressa Salzberger,39
78,Elfreda Allso,27
79,Arel Arkley,58
80,Ethelred Himsworth,52
81,Marmaduke Cahillane,31
82,Melisent Bouda,24
83,Neysa Batiste,32
84,Timoteo Mathias,46
85,Hyacintha Desaur,62
86,Shirlene Slaght,24
87,Pippa Bettis,72
88,Silvanus Fearnsides,53
89,Staci Sapshed,65
90,Saleem Bottle,30
91,Bernelle Lelliott,51
92,Dareen Hirtz,64
93,Billie Ollive,28
94,Dewain Klich,66
95,Powell Staddart,34
96,Bennett January,74
97,Hatty Pickworth,26
98,Marney Lorincz,54
99,Julieta Davenport,40
100,Xaviera Elijah,66
