ID,Name
22,Nico Rosetti
82,Melisent Bouda
26,Jillene Rides
52,Fredia Caudray
43,Olympie Gheeraert
12,Karl Huffer
41,Roxine Burl
24,Cara Dragge
74,Anjela Hanrahan
82,Melisent Bouda
19,Leland Penton
88,Silvanus Fearnsides
52,Fredia Caudray
4,Jacintha Stockwell
17,Bonnibelle Racher
27,Kerry Setford
75,Mohandis Kohler
40,Jonis Durkin
29,Sherrie Soppett
57,Rosy Dryburgh
61,Annis Palk
54,Bronnie Barford
61,Annis Palk
10,Reggi Metzel
85,Hyacintha Desaur
49,Anna-maria Pitcaithly
85,Hyacintha Desaur
14,Vic Ellingsworth
25,Cari Sutheran
35,Janey Bruckshaw
19,Leland Penton
63,Tessy Tatem
10,Reggi Metzel
51,Bunny Hails
89,Staci Sapshed
78,Elfreda Allso
69,Tynan Kimm
27,Kerry Setford
80,Ethelred Himsworth
66,La verne Castagnaro
93,Billie Ollive
26,Jillene Rides
12,Karl Huffer
65,Caroline Quayle
5,Kinny Boldra
80,Ethelred Himsworth
61,Annis Palk
7,Raphaela Bierman
79,Arel Arkley
99,Julieta Davenport
17,Bonnibelle Racher
26,Jillene Rides
93,Billie Ollive
10,Reggi Metzel
42,Janean Dillamore
52,Fredia Caudray
40,Jonis Durkin
44,Katee Sconce
62,Gretta Clorley
66,La verne Castagnaro
33,Myra Iacobini
47,Kimbell Godspeede
12,Karl Huffer
99,Julieta Davenport
36,Ariella Tuckley
71,Denise Rasell
26,Jillene Rides
50,Imojean Bulfield
84,Timoteo Mathias
17,Bonnibelle Racher
34,Chev Bonaire
85,Hyacintha Desaur
61,Annis Palk
26,Jillene Rides
42,Janean Dillamore
6,Dominique Goudie
92,Dareen Hirtz
1,Sheryl Janu
44,Katee Sconce
90,Saleem Bottle
65,Caroline Quayle
94,Dewain Klich
33,Myra Iacobini
34,Chev Bonaire
15,Tasha Ditchburn
18,Georgeanne Stapford
42,Janean Dillamore
97,Hatty Pickworth
88,Silvanus Fearnsides
68,Giffie Haversum
6,Dominique Goudie
60,Padriac O'Crowley
90,Saleem Bottle
29,Sherrie Soppett
41,Roxine Burl
86,Shirlene Slaght
3,Willdon Baus
6,Dominique Goudie
46,Marielle Joss
58,Dan MacAllan
